CHROM	POS	ID	REF	ALT	SON_GT_DP_GQ	FATHER_GT_DP_GQ	SISTER_GT_DP_GQ	MOTHER_GT_DP_GQ	PARENT_OF_ORIGIN_UNPHASED	gnomad_variant_id	gnomad_rsid	gnomad_v2_af	gnomad_v2_source	lookup_note
1	11906068	rs5065	A	G	0/1:57:99	0/1:24:99	0/0:18:54	0/0:21:60	paternal	1-11906068-A-G	rs5065	0.137456	exome	rsid=rs5065
1	12939546	.	C	CG	0/1:132:99	0/1:113:99	0/0:121:99	0/0:132:99	paternal	1-12939546-C-CG	rs76416839	0.0822365	exome	rsid=none
1	20501582	rs12139100	G	A	0/1:45:99	0/0:47:99	0/1:50:99	0/1:53:99	maternal	1-20501582-G-A	rs12139100	0.202431	exome	rsid=rs12139100
1	24710405	rs12090888	A	G	0/1:89:99	0/0:52:99	0/1:57:99	0/1:44:99	maternal	1-24710405-A-G	rs11538189	0.103421	exome	rsid=rs12090888
1	145606274	.	C	T	0/1:37:99	0/1:20:99	0/1:27:99	0/0:29:84	paternal	1-145606274-C-T	rs782558836	6.36846e-05	exome	rsid=none
1	152323132	rs12568784	G	T	0/1:60:99	0/1:43:99	0/1:40:99	0/0:31:93	paternal	1-152323132-G-T	rs12568784	0.236113	exome	rsid=rs12568784
1	156354347	rs11303415	TC	T	0/1:59:99	0/0:19:54	0/1:18:99	0/1:18:94	maternal	1-156354347-TC-T	rs781799250	0.328261	exome	rsid=rs11303415
1	223285200	rs5744168	G	A	0/1:38:99	0/0:45:99	0/0:34:99	0/1:39:99	maternal	1-223285200-G-A	rs5744168	0.0529965	exome	rsid=rs5744168
1	248685789	.	T	TC	0/1:33:99	0/0:27:81	0/0:39:99	0/1:28:99	maternal	1-248685789-T-TC	rs755825470	0.000465883	exome	rsid=none
2	24413293	.	CA	C	0/1:22:99	0/1:24:99	0/0:17:51	0/0:16:45	paternal	2-24413293-CA-C	rs745950354	6.08603e-05	exome	rsid=none
2	44528267	rs146761937	GT	G	0/1:23:99	0/0:10:27	0/1:12:99	0/1:11:99	maternal	2-44528267-GT-G	rs1461067691	0.0874727	exome	rsid=rs146761937
2	61361325	rs142269591	TG	T	0/1:10:99	0/0:17:51	0/1:14:99	0/1:15:99	maternal	2-61361325-TG-T	rs142269591	0.0552223	exome	rsid=rs142269591
2	69659126	rs4453725	A	T	0/1:33:99	0/1:21:99	0/0:18:54	0/0:15:45	paternal	2-69659126-A-T	rs4453725	0.392644	exome	rsid=rs4453725
3	56653839	.	CTG	C	0/1:97:99	0/0:78:99	0/1:76:99	0/1:79:99	maternal	3-56653839-CTG-C	rs1006448925	2.3913e-05	exome	rsid=none
3	195453017	rs144288174	GC	G	0/1:22:99	0/0:34:99	0/1:27:99	0/1:18:99	maternal	3-195453017-GC-G	rs780748804	0.126718	exome	rsid=rs144288174
4	88231392	rs35784587	T	TA	0/1:22:99	1/1:29:84	0/1:36:99	0/0:36:99	paternal	4-88231392-T-TA	rs72613567	0.21752	exome	rsid=rs35784587
4	165878621	.	G	A	0/1:32:99	0/1:17:99	0/0:22:66	0/0:18:51	paternal	4-165878621-G-A	rs767479404	1.19412e-05	exome	rsid=none
5	134782450	rs12520799	T	A	0/1:104:99	0/0:43:99	0/1:38:99	1/1:39:99	maternal	5-134782450-T-A	rs12520799	0.510184	exome	rsid=rs12520799
5	135272373	rs35444976	C	CA	0/1:67:99	0/0:48:99	0/0:48:99	0/1:59:99	maternal	5-135272373-C-CA	rs140125393	0.0472272	exome	rsid=rs35444976
5	140772898	rs3214276	GC	G	0/1:81:99	0/1:50:99	0/1:58:99	0/0:43:99	paternal	5-140772898-GC-G	rs3214276	0.100075	exome	rsid=rs3214276
5	180582256	rs140598308	TTGTC	T	0/1:63:99	0/0:37:96	0/1:22:99	0/1:22:99	maternal	5-180582256-TTGTC-T	rs140598308	0.0645242	exome	rsid=rs140598308
6	31106500	rs111966729	T	TC	0/1:96:99	1/1:29:81	0/1:23:99	0/0:32:81	paternal	6-31106500-T-TC	rs138474986	0.149123	exome	rsid=rs111966729
6	31124849	rs115419545	C	T	0/1:13:99	0/0:37:99	0/0:44:99	0/1:37:99	maternal	6-31124849-C-T	rs3130453	0.467687	exome	rsid=rs115419545
6	31125257	rs72856718	C	A	0/1:32:99	1/1:12:36	0/1:16:99	0/0:24:72	paternal	6-31125257-C-A	rs72856718	0.102509	exome	rsid=rs72856718
6	132203615	.	G	A	0/1:85:99	0/0:58:99	0/1:48:99	0/1:49:99	maternal	6-132203615-G-A	rs770775549	1.19326e-05	exome	rsid=none
6	154567863	rs34427887	C	T	0/1:32:99	0/0:38:99	0/1:37:99	0/1:30:99	maternal	6-154567863-C-T	rs34427887	0.0521448	exome	rsid=rs34427887
7	44610376	.	G	A	0/1:63:99	0/1:42:99	0/1:21:99	0/0:46:99	paternal	7-44610376-G-A	rs774566321	3.99316e-06	exome	rsid=none
7	76069617	.	TG	T	0/1:28:99	0/0:11:33	0/1:16:99	0/1:13:99	maternal	7-76069617-TG-T	rs1235812784	0.00044955	exome	rsid=none
8	7718227	.	C	CT	0/1:24:99	0/0:26:66	0/1:15:93	0/1:16:99	maternal	8-7718227-C-CT	rs766847121	3.50683e-05	exome	rsid=none
8	39872935	rs4503083	T	A	0/1:26:99	0/0:33:99	0/1:39:99	0/1:41:99	maternal	8-39872935-T-A	rs4503083	0.227268	exome	rsid=rs4503083
9	125391241	rs1476860	G	A	0/1:13:99	0/0:13:36	0/1:12:99	0/1:12:99	maternal	9-125391241-G-A	rs1476860	0.355128	exome	rsid=rs1476860
9	125391770	rs72541201	C	CA	0/1:31:99	1/1:30:44	0/1:29:99	0/0:31:89	paternal	9-125391770-C-CA	rs11421222	0.451879	exome	rsid=rs72541201
10	27702256	rs112067123	G	GC	0/1:57:99	0/1:41:99	0/1:33:99	0/0:26:69	paternal	10-27702256-G-GC	rs112067123	0.30548	exome	rsid=rs112067123
10	32740798	.	C	CT	0/1:22:99	0/1:21:99	0/1:12:99	0/0:24:60	paternal	10-32740798-C-CT	rs146679927	0.0162379	exome	rsid=none
10	33136818	.	TAA	T	0/1:43:99	0/0:64:99	0/0:61:99	0/1:53:99	maternal	10-33136818-TAA-T	rs775773534	0.0331402	exome	rsid=none
10	124214355	rs2736911	C	T	0/1:85:99	0/0:29:78	0/1:16:99	1/1:25:48	maternal	10-124214355-C-T	rs2736911	0.131206	exome	rsid=rs2736911
11	4389404	rs74427348	AG	A	0/1:38:99	0/0:11:33	0/0:10:30	0/1:19:99	maternal	11-4389404-AG-A	rs11310407	0.362004	exome	rsid=rs74427348
11	4790873	rs34672924	CG	C	0/1:16:99	0/0:32:90	0/0:16:48	0/1:26:99	maternal	11-4790873-CG-C	rs542209937	0.206631	exome	rsid=rs34672924
11	5877979	rs12419602	T	A	0/1:56:99	1/1:45:99	0/1:61:99	0/0:52:99	paternal	11-5877979-T-A	rs12419602	0.398545	exome	rsid=rs12419602
11	48266736	rs7120775	C	G	0/1:59:99	0/1:31:99	0/1:33:99	0/0:39:99	paternal	11-48266736-C-G	rs7120775	0.147699	exome	rsid=rs7120775
11	48286231	rs10838851	T	A	0/1:60:99	0/1:38:99	0/1:36:99	0/0:43:99	paternal	11-48286231-T-A	rs10838851	0.710352	exome	rsid=rs10838851
11	61165731	rs11382548	C	CA	0/1:18:99	0/0:14:42	0/1:11:99	1/1:23:69	maternal	11-61165731-C-CA	rs11382548	0.869356	exome	rsid=rs11382548
11	61165741	rs10897158	G	C	0/1:21:99	0/0:13:39	0/1:11:99	1/1:22:66	maternal	11-61165741-G-C	rs10897158	0.830527	exome	rsid=rs10897158
11	118949277	rs36008744	C	G	0/1:33:99	0/1:34:99	0/0:40:99	0/0:47:99	paternal	11-118949277-C-G	rs36008744	0.00936668	exome	rsid=rs36008744
12	51723598	rs60311818	A	AG	0/1:49:99	0/0:28:81	0/0:20:57	0/1:18:99	maternal	12-51723598-A-AG	rs17860363	0.224762	exome	rsid=rs60311818
12	54734289	rs11170877	A	G	0/1:33:99	0/1:15:99	0/0:20:60	0/0:22:51	paternal	12-54734289-A-G	rs11170877	0.156044	exome	rsid=rs11170877
12	55820958	rs57387180	CA	C	0/1:14:99	0/1:11:89	0/1:16:43	0/0:21:45	paternal	12-55820958-CA-C	rs77587450	0.363891	exome	rsid=rs57387180
13	31531009	rs12857479	G	A	0/1:25:99	1/1:25:75	0/1:27:99	0/0:30:87	paternal	13-31531009-G-A	rs12857479	0.345256	exome	rsid=rs12857479
14	23371267	.	CA	C	0/1:36:99	0/0:21:62	0/1:32:99	0/1:27:99	maternal	14-23371267-CA-C	rs754204069	7.96572e-05	exome	rsid=none
14	23371269	.	GCA	G	0/1:33:99	0/0:20:60	0/1:31:99	0/1:27:99	maternal	14-23371269-GCA-G	rs762848810	7.00904e-05	exome	rsid=none
14	51378590	rs11356035	CT	C	0/1:72:99	0/0:29:84	0/1:40:99	0/1:31:99	maternal	14-51378590-CT-C	rs11356035	0.440518	exome	rsid=rs11356035
14	96730313	.	G	A	0/1:32:99	0/0:14:42	0/0:18:54	0/1:18:99	maternal	14-96730313-G-A			error	rsid=none; Variant not found
15	31294714	rs3784589	C	A	0/1:59:99	0/1:56:99	0/0:46:99	0/0:60:99	paternal	15-31294714-C-A	rs3784589	0.0632154	exome	rsid=rs3784589
16	1306559	rs3830782	AG	A	0/1:24:99	0/0:12:36	0/1:22:99	0/1:11:99	maternal	16-1306559-AG-A	rs3830782	0.237111	exome	rsid=rs3830782
16	81056441	rs3743503	T	G	0/1:18:99	0/1:47:99	0/0:36:99	0/0:36:99	paternal	16-81056441-T-G	rs3743503	0.141128	exome	rsid=rs3743503
17	42979026	rs74349463	T	C	0/1:32:99	0/0:24:72	0/0:13:39	0/1:19:99	maternal	17-42979026-T-C	rs74349463	0.133725	exome	rsid=rs74349463
17	45468858	rs118004742	T	G	0/1:20:99	0/0:39:99	0/0:44:99	0/1:47:99	maternal	17-45468858-T-G	rs118004742	0.0437954	exome	rsid=rs118004742
17	72588806	rs545652	C	A	0/1:41:99	0/0:18:54	0/0:20:60	0/1:13:99	maternal	17-72588806-C-A	rs545652	0.16794	exome	rsid=rs545652
19	6897464	rs330880	C	G	0/1:32:99	1/1:21:63	0/1:30:99	0/0:25:75	paternal	19-6897464-C-G	rs330880	0.371327	exome	rsid=rs330880
19	23844937	.	CA	C	0/1:73:99	0/1:53:99	0/0:68:99	0/0:84:99	paternal	19-23844937-CA-C	rs1359868666	7.95672e-06	exome	rsid=none
19	52004791	rs67024588	G	GC	0/1:61:99	0/0:28:72	0/1:30:99	1/1:24:66	maternal	19-52004791-G-GC	rs66949844	0.644868	exome	rsid=rs67024588
19	52803669	rs3217319	CTG	C	0/1:63:99	0/0:53:99	0/1:56:99	1/1:65:99	maternal	19-52803669-CTG-C	rs3217319	0.690749	exome	rsid=rs3217319
19	55019261	rs61737751	C	T	0/1:34:99	0/0:32:96	0/0:31:90	0/1:30:99	maternal	19-55019261-C-T	rs61737751	0.0338511	exome	rsid=rs61737751
20	31756954	rs17124277	G	A	0/1:102:99	0/1:42:99	0/1:50:99	0/0:48:99	paternal	20-31756954-G-A	rs17124277	0.00851382	exome	rsid=rs17124277
21	11029596	rs138714104	AC	A	0/1:41:99	0/0:46:50	0/1:40:99	0/1:31:99	maternal	21-11029596-AC-A			error	rsid=rs138714104; Variant not found
21	31744127	rs877346	A	T	0/1:27:99	0/1:20:99	0/0:24:72	0/0:26:66	paternal	21-31744127-A-T	rs877346	0.398048	exome	rsid=rs877346
22	32875190	rs11107	G	A	0/1:36:99	0/1:33:99	0/1:36:99	0/0:39:99	paternal	22-32875190-G-A	rs11107	0.452575	exome	rsid=rs11107
22	41257834	.	T	TA	0/1:78:99	0/1:74:99	0/1:74:99	0/0:78:99	paternal	22-41257834-T-TA	rs200971397	0.0713637	exome	rsid=none
