chrom	pos	id	ref	alt	genes	parent_of_origin_unphased	son_gt	father_gt	mother_gt	sister_gt	gnomad_v2_variant_id	gnomad_v2_rsid	gnomad_v2_af	gnomad_v2_source	world_freq_bin	follow_up
1	11906068	rs5065	A	G	CLCN6,NPPA-AS1,NPPA	paternal	0/1	0/1	0/0	0/0	1-11906068-A-G	rs5065	0.137456	exome	at_least_1_percent	
1	12939546	.	C	CG	PRAMEF4	paternal	0/1	0/1	0/0	0/0	1-12939546-C-CG	rs76416839	0.0822365	exome	at_least_1_percent	
1	20501582	rs12139100	G	A	PLA2G2C	maternal	0/1	0/0	0/1	0/1	1-20501582-G-A	rs12139100	0.202431	exome	at_least_1_percent	
1	24710405	rs12090888	A	G	STPG1	maternal	0/1	0/0	0/1	0/1	1-24710405-A-G	rs11538189	0.103421	exome	at_least_1_percent	
1	145606274	.	C	T	NBPF10,POLR3C,RNF115	paternal	0/1	0/1	0/0	0/1	1-145606274-C-T	rs782558836	6.36846e-05	exome	under_0.01_percent	
1	152323132	rs12568784	G	T	FLG2	paternal	0/1	0/1	0/0	0/1	1-152323132-G-T	rs12568784	0.236113	exome	at_least_1_percent	
1	156354347	rs11303415	TC	T	RHBG	maternal	0/1	0/0	0/1	0/1	1-156354347-TC-T	rs781799250	0.328261	exome	at_least_1_percent	
1	223285200	rs5744168	G	A	TLR5	maternal	0/1	0/0	0/1	0/0	1-223285200-G-A	rs5744168	0.0529965	exome	at_least_1_percent	
1	248685789	.	T	TC	OR2G6	maternal	0/1	0/0	0/1	0/0	1-248685789-T-TC	rs755825470	0.000465883	exome	under_0.1_percent	
2	24413293	.	CA	C	FAM228A	paternal	0/1	0/1	0/0	0/0	2-24413293-CA-C	rs745950354	6.08603e-05	exome	under_0.01_percent	
2	44528267	rs146761937	GT	G	SLC3A1	maternal	0/1	0/0	0/1	0/1	2-44528267-GT-G	rs1461067691	0.0874727	exome	at_least_1_percent	
2	61361325	rs142269591	TG	T	KIAA1841	maternal	0/1	0/0	0/1	0/1	2-61361325-TG-T	rs142269591	0.0552223	exome	at_least_1_percent	
2	69659126	rs4453725	A	T	NFU1	paternal	0/1	0/1	0/0	0/0	2-69659126-A-T	rs4453725	0.392644	exome	at_least_1_percent	
3	56653839	.	CTG	C	FAM208A,CCDC66	maternal	0/1	0/0	0/1	0/1	3-56653839-CTG-C	rs1006448925	2.3913e-05	exome	under_0.01_percent	
3	195453017	rs144288174	GC	G	MUC20	maternal	0/1	0/0	0/1	0/1	3-195453017-GC-G	rs780748804	0.126718	exome	at_least_1_percent	
4	88231392	rs35784587	T	TA	HSD17B13	paternal	0/1	1/1	0/0	0/1	4-88231392-T-TA	rs72613567	0.21752	exome	at_least_1_percent	
4	165878621	.	G	A	TRIM61,FAM218A	paternal	0/1	0/1	0/0	0/0	4-165878621-G-A	rs767479404	1.19412e-05	exome	under_0.01_percent	
5	134782450	rs12520799	T	A	TIFAB	maternal	0/1	0/0	1/1	0/1	5-134782450-T-A	rs12520799	0.510184	exome	at_least_1_percent	
5	135272373	rs35444976	C	CA	FBXL21	maternal	0/1	0/0	0/1	0/0	5-135272373-C-CA	rs140125393	0.0472272	exome	at_least_1_percent	
5	140772898	rs3214276	GC	G	PCDHGB4,PCDHGA8,PCDHGB1,PCDHGB3	paternal	0/1	0/1	0/0	0/1	5-140772898-GC-G	rs3214276	0.100075	exome	at_least_1_percent	
5	180582256	rs140598308	TTGTC	T	OR2V2	maternal	0/1	0/0	0/1	0/1	5-180582256-TTGTC-T	rs140598308	0.0645242	exome	at_least_1_percent	
6	31106500	rs111966729	T	TC	CCHCR1,PSORS1C1,PSORS1C2	paternal	0/1	1/1	0/0	0/1	6-31106500-T-TC	rs138474986	0.149123	exome	at_least_1_percent	
6	31124849	rs115419545	C	T	CCHCR1,TCF19	maternal	0/1	0/0	0/1	0/0	6-31124849-C-T	rs3130453	0.467687	exome	at_least_1_percent	
6	31125257	rs72856718	C	A	CCHCR1,TCF19	paternal	0/1	1/1	0/0	0/1	6-31125257-C-A	rs72856718	0.102509	exome	at_least_1_percent	
6	132203615	.	G	A	ENPP1	maternal	0/1	0/0	0/1	0/1	6-132203615-G-A	rs770775549	1.19326e-05	exome	under_0.01_percent	
6	154567863	rs34427887	C	T	OPRM1,IPCEF1	maternal	0/1	0/0	0/1	0/1	6-154567863-C-T	rs34427887	0.0521448	exome	at_least_1_percent	
7	44610376	.	G	A	DDX56	paternal	0/1	0/1	0/0	0/1	7-44610376-G-A	rs774566321	3.99316e-06	exome	under_0.01_percent	
7	76069617	.	TG	T	ZP3	maternal	0/1	0/0	0/1	0/1	7-76069617-TG-T	rs1235812784	0.00044955	exome	under_0.1_percent	
8	7718227	.	C	CT	SPAG11A	maternal	0/1	0/0	0/1	0/1	8-7718227-C-CT	rs766847121	3.50683e-05	exome	under_0.01_percent	
8	39872935	rs4503083	T	A	IDO2	maternal	0/1	0/0	0/1	0/1	8-39872935-T-A	rs4503083	0.227268	exome	at_least_1_percent	
9	125391241	rs1476860	G	A	OR1B1	maternal	0/1	0/0	0/1	0/1	9-125391241-G-A	rs1476860	0.355128	exome	at_least_1_percent	
9	125391770	rs72541201	C	CA	OR1B1	paternal	0/1	1/1	0/0	0/1	9-125391770-C-CA	rs11421222	0.451879	exome	at_least_1_percent	
10	27702256	rs112067123	G	GC	PTCHD3	paternal	0/1	0/1	0/0	0/1	10-27702256-G-GC	rs112067123	0.30548	exome	at_least_1_percent	
10	32740798	.	C	CT	CCDC7	paternal	0/1	0/1	0/0	0/1	10-32740798-C-CT	rs146679927	0.0162379	exome	at_least_1_percent	
10	33136818	.	TAA	T		maternal	0/1	0/0	0/1	0/0	10-33136818-TAA-T	rs775773534	0.0331402	exome	at_least_1_percent	
10	124214355	rs2736911	C	T	ARMS2	maternal	0/1	0/0	1/1	0/1	10-124214355-C-T	rs2736911	0.131206	exome	at_least_1_percent	
11	4389404	rs74427348	AG	A	OR52B4	maternal	0/1	0/0	0/1	0/0	11-4389404-AG-A	rs11310407	0.362004	exome	at_least_1_percent	
11	4790873	rs34672924	CG	C	OR51F1	maternal	0/1	0/0	0/1	0/0	11-4790873-CG-C	rs542209937	0.206631	exome	at_least_1_percent	
11	5877979	rs12419602	T	A	OR52E8	paternal	0/1	1/1	0/0	0/1	11-5877979-T-A	rs12419602	0.398545	exome	at_least_1_percent	
11	48266736	rs7120775	C	G	OR4X2	paternal	0/1	0/1	0/0	0/1	11-48266736-C-G	rs7120775	0.147699	exome	at_least_1_percent	
11	48286231	rs10838851	T	A	OR4X1	paternal	0/1	0/1	0/0	0/1	11-48286231-T-A	rs10838851	0.710352	exome	at_least_1_percent	
11	61165731	rs11382548	C	CA	CPSF7,TMEM216	maternal	0/1	0/0	1/1	0/1	11-61165731-C-CA	rs11382548	0.869356	exome	at_least_1_percent	
11	61165741	rs10897158	G	C	CPSF7,TMEM216	maternal	0/1	0/0	1/1	0/1	11-61165741-G-C	rs10897158	0.830527	exome	at_least_1_percent	
11	118949277	rs36008744	C	G	VPS11	paternal	0/1	0/1	0/0	0/0	11-118949277-C-G	rs36008744	0.00936668	exome	under_1_percent	
12	51723598	rs60311818	A	AG	CELA1	maternal	0/1	0/0	0/1	0/0	12-51723598-A-AG	rs17860363	0.224762	exome	at_least_1_percent	
12	54734289	rs11170877	A	G	MIR148B,COPZ1	paternal	0/1	0/1	0/0	0/0	12-54734289-A-G	rs11170877	0.156044	exome	at_least_1_percent	
12	55820958	rs57387180	CA	C	OR6C76	paternal	0/1	0/1	0/0	0/1	12-55820958-CA-C	rs77587450	0.363891	exome	at_least_1_percent	
13	31531009	rs12857479	G	A	TEX26	paternal	0/1	1/1	0/0	0/1	13-31531009-G-A	rs12857479	0.345256	exome	at_least_1_percent	
14	23371267	.	CA	C	RBM23	maternal	0/1	0/0	0/1	0/1	14-23371267-CA-C	rs754204069	7.96572e-05	exome	under_0.01_percent	
14	23371269	.	GCA	G	RBM23	maternal	0/1	0/0	0/1	0/1	14-23371269-GCA-G	rs762848810	7.00904e-05	exome	under_0.01_percent	
14	51378590	rs11356035	CT	C	PYGL	maternal	0/1	0/0	0/1	0/1	14-51378590-CT-C	rs11356035	0.440518	exome	at_least_1_percent	
14	96730313	.	G	A	BDKRB1	maternal	0/1	0/0	0/1	0/0	14-96730313-G-A			error	not_in_this_gnomad_v2_query	Not in gnomAD v2 as 14-96730313-G-A. Stop-gain in BDKRB1 (W98*). Next: gnomAD and dbSNP by gene plus position; Ensembl GRCh37; ClinVar BDKRB1. Not found here is not proof of rarity.
15	31294714	rs3784589	C	A	TRPM1	paternal	0/1	0/1	0/0	0/0	15-31294714-C-A	rs3784589	0.0632154	exome	at_least_1_percent	
16	1306559	rs3830782	AG	A	TPSD1	maternal	0/1	0/0	0/1	0/1	16-1306559-AG-A	rs3830782	0.237111	exome	at_least_1_percent	
16	81056441	rs3743503	T	G	CENPN	paternal	0/1	0/1	0/0	0/0	16-81056441-T-G	rs3743503	0.141128	exome	at_least_1_percent	
17	42979026	rs74349463	T	C	GFAP,CCDC103,EFTUD2	maternal	0/1	0/0	0/1	0/0	17-42979026-T-C	rs74349463	0.133725	exome	at_least_1_percent	
17	45468858	rs118004742	T	G	EFCAB13	maternal	0/1	0/0	0/1	0/0	17-45468858-T-G	rs118004742	0.0437954	exome	at_least_1_percent	
17	72588806	rs545652	C	A	CD300LD	maternal	0/1	0/0	0/1	0/0	17-72588806-C-A	rs545652	0.16794	exome	at_least_1_percent	
19	6897464	rs330880	C	G	EMR1	paternal	0/1	1/1	0/0	0/1	19-6897464-C-G	rs330880	0.371327	exome	at_least_1_percent	
19	23844937	.	CA	C	ZNF675	paternal	0/1	0/1	0/0	0/0	19-23844937-CA-C	rs1359868666	7.95672e-06	exome	under_0.01_percent	
19	52004791	rs67024588	G	GC	SIGLEC12	maternal	0/1	0/0	1/1	0/1	19-52004791-G-GC	rs66949844	0.644868	exome	at_least_1_percent	
19	52803669	rs3217319	CTG	C	ZNF480	maternal	0/1	0/0	1/1	0/1	19-52803669-CTG-C	rs3217319	0.690749	exome	at_least_1_percent	
19	55019261	rs61737751	C	T	LAIR2	maternal	0/1	0/0	0/1	0/0	19-55019261-C-T	rs61737751	0.0338511	exome	at_least_1_percent	
20	31756954	rs17124277	G	A	BPIFA2	paternal	0/1	0/1	0/0	0/1	20-31756954-G-A	rs17124277	0.00851382	exome	under_1_percent	
21	11029596	rs138714104	AC	A	BAGE2,BAGE3,BAGE4,BAGE5	maternal	0/1	0/0	0/1	0/1	21-11029596-AC-A			error	not_in_this_gnomad_v2_query	Not in gnomAD v2 as 21-11029596-AC-A because of indel shifting. Ensembl GRCh37 maps rs138714104 to rs60459764 at 21:11029597-11029598, alleles CC/C, with 1000 Genomes frequency evidence. Also synonyms rs796536508, rs376100218, rs144469422. Next: gnomAD v2 as rs60459764 or 21-11029597-CC-C; dbSNP; 1000 Genomes. BAGE duplicated region.
21	31744127	rs877346	A	T	MIR4327,KRTAP13-2	paternal	0/1	0/1	0/0	0/0	21-31744127-A-T	rs877346	0.398048	exome	at_least_1_percent	
22	32875190	rs11107	G	A	FBXO7	paternal	0/1	0/1	0/0	0/1	22-32875190-G-A	rs11107	0.452575	exome	at_least_1_percent	
22	41257834	.	T	TA	DNAJB7,XPNPEP3	paternal	0/1	0/1	0/0	0/1	22-41257834-T-TA	rs200971397	0.0713637	exome	at_least_1_percent	
