gene	chrom	pos	ref	alt	consequence	acmg_classification	evidence_codes
BRCA1	chr17	43045684	AG	A	frameshift_variant	Pathogenic	PM2(M), PVS1(V), PP5(S)
TP53	chr17	7674220	G	A	missense_variant	Pathogenic	PM2(M), PS1(S), PM1(M), PP3(S), PP5(S)
MSH2	chr2	47429830	A	G	splice_donor_variant	Pathogenic	PM2(M), PVS1(V), PP5(S)
PTEN	chr10	87933147	C	T	stop_gained	Pathogenic	PM2(M), PVS1(V), PP5(S)
BRCA2	chr13	32394897	C	A	stop_gained	Likely Pathogenic	PM2(M), PVS1(V)
LDLR	chr19	11113280	G	A	missense_variant	Likely Pathogenic	PM2(M), PS1(S), PP3(S), PP5(S)
SCN5A	chr3	38603170	C	A	missense_variant	Uncertain Significance	PM2(M), PP3(S)
MLH1	chr3	37038110	A	C	missense_variant	Uncertain Significance	PM2(M), BP4(S)
RYR2	chr1	237287200	G	A	missense_variant	Uncertain Significance	PM2(M), PP3(S)
CDH1	chr16	68812350	C	T	missense_variant	Uncertain Significance	PM2(M), BP4(S)
TP53	chr17	7676154	G	C	missense_variant	Benign	BA1(S), BS1(S), BP4(S), BP6(S)
BRCA2	chr13	32332271	A	C	missense_variant	Benign	BA1(S), BS1(S), BP4(S), BP6(S)
HFE	chr6	26090951	C	G	missense_variant	Benign	BA1(S), BS1(S), BP4(S), BP6(S)
APC	chr5	112815479	T	A	missense_variant	Likely Benign	BS1(S), BP4(S)
MLH1	chr3	37025720	G	A	missense_variant	Likely Benign	BP4(S), BP6(S)
BRCA1	chr17	43082434	A	G	missense_variant	Likely Benign	BP4(S), BP6(S)
BRCA1	chr17	43090943	T	C	synonymous_variant	Likely Benign	BS1(S), BP4(S), BP6(S), BP7(S)
TP53	chr17	7675200	C	T	synonymous_variant	Likely Benign	BS1(S), BP4(S), BP6(S), BP7(S)
NF2	chr22	29663100	G	A	synonymous_variant	Likely Benign	BS1(S), BP4(S), BP6(S), BP7(S)
